<?xml version="1.0" encoding="utf-8"?>
<extension type="module" version="3.5" client="site" method="upgrade">
	<name>mod_weblinks</name>
	<author>Joomla! Project</author>
	<creationDate>2017-03-08</creationDate>
	<copyright>Copyright (C) 2005 - 2017 Open Source Matters. All rights reserved.</copyright>
	<license>GNU General Public License version 2 or later; see LICENSE.txt</license>
	<authorEmail>admin@joomla.org</authorEmail>
	<authorUrl>www.joomla.org</authorUrl>
	<version>3.6.0</version>
	<description>MOD_WEBLINKS_XML_DESCRIPTION</description>
	<files>
		<file>helper.php</file>
<file module="mod_weblinks">mod_weblinks.php</file>
<file>mod_weblinks.xml</file>
<folder>tmpl</folder>
	</files>
	<languages folder="language">
		<language tag="en-GB">en-GB/en-GB.mod_weblinks.ini</language>
<language tag="en-GB">en-GB/en-GB.mod_weblinks.sys.ini</language>
	</languages>
	<help key="JHELP_EXTENSIONS_MODULE_MANAGER_WEBLINKS" />
	<config>
		<fields name="params">
			<fieldset name="basic">
				<field
					name="catid"
					type="category"
					extension="com_weblinks"
					required="true"
					label="JCATEGORY"
					description="MOD_WEBLINKS_FIELD_CATEGORY_DESC" />
				<field
					name="groupby"
					type="radio"
					class="btn-group btn-group-yesno"
					default="0"
					label="MOD_WEBLINKS_FIELD_GROUPBY_LABEL"
					description="MOD_WEBLINKS_FIELD_GROUPBY_DESC">
					<option
						value="1">JYES</option>
					<option
						value="0">JNO</option>
				</field>
				<field
					name="groupby_showtitle"
					type="radio"
					class="btn-group btn-group-yesno"
					default="1"
					label="MOD_WEBLINKS_FIELD_GROUPBYSHOWTITLE_LABEL"
					description="MOD_WEBLINKS_FIELD_GROUPBYSHOWTITLE_DESC"
					showon="groupby:1"
					>
					<option
					    value="1">JYES</option>
					<option
					    value="0">JNO</option>
				</field>
				<field
					name="groupby_ordering"
					type="list"
					default="c.lft"
					label="MOD_WEBLINKS_FIELD_GROUPBYORDERING_LABEL"
					description="MOD_WEBLINKS_FIELD_GROUPBYORDERING_DESC"
					showon="groupby:1"
					>
					<option
					    value="c.title">JGLOBAL_TITLE</option>
					<option
					    value="c.lft">MOD_WEBLINKS_FIELD_VALUE_ORDER</option>
				</field>
				<field
					name="groupby_direction"
					type="list"
					default="asc"
					label="MOD_WEBLINKS_FIELD_GROUPBYDIRECTION_LABEL"
					description="MOD_WEBLINKS_FIELD_GROUPBYDIRECTION_DESC"
					showon="groupby:1"
					>
					<option
					    value="asc">MOD_WEBLINKS_FIELD_VALUE_ASCENDING</option>
					<option
					    value="desc">MOD_WEBLINKS_FIELD_VALUE_DESCENDING</option>
				</field>
				<field
					name="groupby_columns"
					type="list"
					default="3"
					label="MOD_WEBLINKS_FIELD_COLUMNS_LABEL"
					description="MOD_WEBLINKS_FIELD_COLUMNS_DESC">
					<option
					    value="1">1</option>
                    <option
					    value="2">2</option>
					<option
					    value="3">3</option>
					<option
					    value="4">4</option>
					<option
					    value="6">6</option>
				</field>
				<field
					name="count"
					type="text"
					default="5"
					label="MOD_WEBLINKS_FIELD_COUNT_LABEL"
					description="MOD_WEBLINKS_FIELD_COUNT_DESC" />
				<field
					name="ordering"
					type="list"
					default="title"
					label="MOD_WEBLINKS_FIELD_ORDERING_LABEL"
					description="MOD_WEBLINKS_FIELD_ORDERING_DESC">
					<option
						value="title">JGLOBAL_TITLE</option>
					<option
						value="order">MOD_WEBLINKS_FIELD_VALUE_ORDER</option>
					<option
						value="hits">MOD_WEBLINKS_FIELD_VALUE_HITS</option>
				</field>
				<field
					name="direction"
					type="list"
					default="asc"
					label="MOD_WEBLINKS_FIELD_ORDERDIRECTION_LABEL"
					description="MOD_WEBLINKS_FIELD_ORDERDIRECTION_DESC">
					<option
						value="asc">MOD_WEBLINKS_FIELD_VALUE_ASCENDING</option>
					<option
						value="desc">MOD_WEBLINKS_FIELD_VALUE_DESCENDING</option>
				</field>
				<field
					name="follow"
					type="list"
					default="0"
					label="MOD_WEBLINKS_FIELD_FOLLOW_LABEL"
					description="MOD_WEBLINKS_FIELD_FOLLOW_DESC">
					<option
						value="follow">MOD_WEBLINKS_FIELD_VALUE_FOLLOW</option>
					<option
						value="nofollow">MOD_WEBLINKS_FIELD_VALUE_NOFOLLOW</option>
				</field>
				<field
					name="description"
					type="radio"
					class="btn-group btn-group-yesno"
					default="0"
					label="MOD_WEBLINKS_FIELD_DESCRIPTION_LABEL"
					description="MOD_WEBLINKS_FIELD_DESCRIPTION_DESC">
					<option
						value="1">JSHOW</option>
					<option
						value="0">JHIDE</option>
				</field>
				<field
					name="hits"
					type="radio"
					class="btn-group btn-group-yesno"
					default="0"
					label="MOD_WEBLINKS_FIELD_HITS_LABEL"
					description="MOD_WEBLINKS_FIELD_HITS_DESC">
					<option
						value="1">JSHOW</option>
					<option
						value="0">JHIDE</option>
				</field>

				<field
					name="count_clicks"
					type="list"
					class="chzn-color"
					default="0"
					label="MOD_WEBLINKS_FIELD_COUNTCLICKS_LABEL"
					description="MOD_WEBLINKS_FIELD_COUNTCLICKS_DESC">
						<option
						value="">JGLOBAL_USE_GLOBAL</option>
					<option
						value="0">JNO</option>
					<option
						value="1">JYES</option>
				</field>
			</fieldset>
			<fieldset
				name="advanced">
				<field
					name="layout"
					type="modulelayout"
					label="JFIELD_ALT_LAYOUT_LABEL"
					description="JFIELD_ALT_MODULE_LAYOUT_DESC" />
				<field
					name="moduleclass_sfx"
					type="textarea" rows="3"
					label="COM_MODULES_FIELD_MODULECLASS_SFX_LABEL"
					description="COM_MODULES_FIELD_MODULECLASS_SFX_DESC" />
				<field
					name="cache"
					type="list"
					default="1"
					label="COM_MODULES_FIELD_CACHING_LABEL"
					description="COM_MODULES_FIELD_CACHING_DESC">
					<option
						value="1">JGLOBAL_USE_GLOBAL</option>
					<option
						value="0">COM_MODULES_FIELD_VALUE_NOCACHING</option>
				</field>
				<field
					name="cache_time"
					type="text"
					default="900"
					label="COM_MODULES_FIELD_CACHE_TIME_LABEL"
					description="COM_MODULES_FIELD_CACHE_TIME_DESC" />
				<field
					name="cachemode"
					type="hidden"
					default="static">
					<option
						value="static"></option>
				</field>
			</fieldset>
		</fields>
	</config>
</extension>
